{"cameraMode":{"drawMode":0,"name":"Shaded","section":"Shading Mode"},"sceneLighting":true,"audioPlay":false,"sceneViewState":{"m_AlwaysRefresh":false,"showFog":true,"showSkybox":false,"showFlares":true,"showImageEffects":true,"showParticleSystems":true,"showVisualEffectGraphs":true,"m_FxEnabled":false},"in2DMode":false,"pivot":{"x":1.9258899688720704,"y":3.651383399963379,"z":3.4680676460266115},"rotation":{"x":-0.14453259110450746,"y":-0.4629009962081909,"z":0.07678136974573136,"w":-0.8711832761764526},"size":5.6272101402282719,"orthographic":true}